Workbook
Name _xlchart.v1.3: '1_TOTAL'!$I$2:$I$23
Name _xlchart.v1.4: '1_TOTAL'!$J$1
Name _xlchart.v1.1: '1_TOTAL'!$J$1
Name _xlchart.v1.9: '2_SECTOR WISE'!$I$2:$I$23
Name _xlchart.v1.0: '1_TOTAL'!$I$2:$I$23
Name _xlchart.v1.12: '2_SECTOR WISE'!$F$2:$F$81
Name _xlchart.v1.2: '1_TOTAL'!$J$2:$J$23
Name _xlchart.v1.7: '1_TOTAL'!$G$1
Name _xlchart.v1.13: '2_SECTOR WISE'!$G$1
Name _xlchart.v1.6: '1_TOTAL'!$F$2:$F$81
Name _xlchart.v1.11: '2_SECTOR WISE'!$J$2:$J$23
Name _xlchart.v1.5: '1_TOTAL'!$J$2:$J$23
Name _xlchart.v1.8: '1_TOTAL'!$G$2:$G$81
Name _xlchart.v1.10: '2_SECTOR WISE'!$J$1
Name _xlchart.v1.14: '2_SECTOR WISE'!$G$2:$G$81

Sheet 1_TOTAL
A1: Sr.No | B1: Name of Script | C1: Stock Price | D1: Quantity | E1: Total | F1: SECTOR | G1: Total % | I1: Sector | J1: Sector % | K1: Total
A2: 23 | B2: UPL | C2: 505 | D2: 70 | E2: =D2*C2 -> 35350 | F2: AGRI | G2: ='1_TOTAL'!$E2*100/'1_TOTAL'!$E$82 -> 1.2135062 | I2: AGRI | J2: =SUM(G2:G3) -> 1.7689385 | K2: =SUM(E2:E3) -> 51530
A3: 52 | B3: GODJREJ AGROVET | C3: 809 | D3: 20 | E3: ='1_TOTAL'!$C3*'1_TOTAL'!$D3 -> 16180 | F3: AGRI | G3: ='1_TOTAL'!$E3*100/'1_TOTAL'!$E$82 -> 0.55543227 | I3: Auto Ancillaries | J3: =SUM(G4:G9) -> 4.7355922 | K3: =SUM(E4:E9) -> 137950
A4: 29 | B4: Pricol | C4: 524 | D4: 20 | E4: ='1_TOTAL'!$C4*'1_TOTAL'!$D4 -> 10480 | F4: AUTO ANCILLLARY | G4: ='1_TOTAL'!$E4*100/'1_TOTAL'!$E$82 -> 0.35976083 | I4: Aviation | J4: =G10 -> 0.78302905 | K4: =E10 -> 22810
A5: 38 | B5: SANSERA | C5: 1033 | D5: 20 | E5: ='1_TOTAL'!$C5*'1_TOTAL'!$D5 -> 20660 | F5: AUTO ANCILLLARY | G5: ='1_TOTAL'!$E5*100/'1_TOTAL'!$E$82 -> 0.70922315 | I5: Banking | J5: =SUM(G11:G17) -> 14.920188 | K5: =SUM(E11:E17) -> 434632
A6: 44 | B6: SUPRAJIT | C6: 400 | D6: 100 | E6: ='1_TOTAL'!$C6*'1_TOTAL'!$D6 -> 40000 | F6: AUTO ANCILLLARY | G6: ='1_TOTAL'!$E6*100/'1_TOTAL'!$E$82 -> 1.3731329 | I6: Chemical | J6: =SUM(G18:G23) -> 7.8578218 | K6: =SUM(E18:E23) -> 228902
A7: 51 | B7: PCBL | C7: 748 | D7: 55 | E7: ='1_TOTAL'!$C7*'1_TOTAL'!$D7 -> 41140 | F7: AUTO ANCILLLARY | G7: ='1_TOTAL'!$E7*100/'1_TOTAL'!$E$82 -> 1.4122672 | I7: CLEAN ENERGY | J7: =G24 -> 0.56023823 | K7: =E24 -> 16320
A8: 53 | B8: VARROC | C8: 25 | D8: 548 | E8: ='1_TOTAL'!$C8*'1_TOTAL'!$D8 -> 13700 | F8: AUTO ANCILLLARY | G8: ='1_TOTAL'!$E8*100/'1_TOTAL'!$E$82 -> 0.47029803 | I8: CONSTRUCTION | J8: =SUM(G25:G27) -> 3.120321 | K8: =SUM(E25:E27) -> 90896.4
A9: 77 | B9: SHANTI GEARS | C9: 570 | D9: 21 | E9: ='1_TOTAL'!$C9*'1_TOTAL'!$D9 -> 11970 | F9: AUTO ANCILLLARY | G9: ='1_TOTAL'!$E9*100/'1_TOTAL'!$E$82 -> 0.41091003 | I9: DEFENCE | J9: =G28 -> 1.1905062 | K9: =E28 -> 34680
A10: 78 | B10: INDIGO | C10: 4562 | D10: 5 | E10: ='1_TOTAL'!$C10*'1_TOTAL'!$D10 -> 22810 | F10: AVIATION | G10: ='1_TOTAL'!$E10*100/'1_TOTAL'!$E$82 -> 0.78302905 | I10: ELECTRONICS | J10: =SUM(G29:G31) -> 1.9834219 | K10: =SUM(E29:E31) -> 57778
A11: 8 | B11: HDFC Bank | C11: 1518.9 | D11: 100 | E11: =D11*C11 -> 151890 | F11: BANKING | G11: ='1_TOTAL'!$E11*100/'1_TOTAL'!$E$82 -> 5.214129 | I11: FASHION | J11: =G32 -> 0.78186189 | K11: =E32 -> 22776
A12: 11 | B12: IDFC First bank | C12: 81.17 | D12: 700 | E12: =D12*C12 -> 56819 | F12: BANKING | G12: ='1_TOTAL'!$E12*100/'1_TOTAL'!$E$82 -> 1.950501 | I12: FINANCE | J12: =SUM(G33:G41) -> 9.3289933 | K12: =SUM(E33:E41) -> 271757.91
A13: 15 | B13: Kotak Bank | C13: 1752 | D13: 71 | E13: =D13*C13 -> 124392 | F13: BANKING | G13: ='1_TOTAL'!$E13*100/'1_TOTAL'!$E$82 -> 4.2701688 | I13: FMCG | J13: =SUM(G42:G44) -> 10.041807 | K13: =SUM(E42:E44) -> 292522.5
A14: 55 | B14: RBL BANK | C14: 230 | D14: 100 | E14: ='1_TOTAL'!$C14*'1_TOTAL'!$D14 -> 23000 | F14: BANKING | G14: ='1_TOTAL'!$E14*100/'1_TOTAL'!$E$82 -> 0.78955143 | I14: INSURANCE | J14: =SUM(G45:G46) -> 3.0823745 | K14: =SUM(E45:E46) -> 89791
A15: 64 | B15: CITY BANK | C15: 137 | D15: 30 | E15: ='1_TOTAL'!$C15*'1_TOTAL'!$D15 -> 4110 | F15: BANKING | G15: ='1_TOTAL'!$E15*100/'1_TOTAL'!$E$82 -> 0.14108941 | I15: IT | J15: =SUM(G47:G60) -> 17.91947 | K15: =SUM(E47:E60) -> 522002.5
A16: 66 | B16: AXIS BANK | C16: 1175 | D16: 27 | E16: ='1_TOTAL'!$C16*'1_TOTAL'!$D16 -> 31725 | F16: BANKING | G16: ='1_TOTAL'!$E16*100/'1_TOTAL'!$E$82 -> 1.089066 | I16: LOGISTICS | J16: =SUM(G61:G62) -> 1.975595 | K16: =SUM(E61:E62) -> 57550
A17: 67 | B17: ICICI BANK | C17: 1186 | D17: 36 | E17: ='1_TOTAL'!$C17*'1_TOTAL'!$D17 -> 42696 | F17: BANKING | G17: ='1_TOTAL'!$E17*100/'1_TOTAL'!$E$82 -> 1.4656821 | I17: MACHINARIES | J17: =SUM(G63:G64) -> 1.8971891 | K17: =SUM(E63:E64) -> 55266
A18: 1 | B18: Aklyl Amines | C18: 2378 | D18: 18 | E18: =D18*C18 -> 42804 | F18: CHEMICAL | G18: ='1_TOTAL'!$E18*100/'1_TOTAL'!$E$82 -> 1.4693895 | I18: NIFTY | J18: =G65 -> 0.027908927 | K18: =E65 -> 813
A19: 5 | B19: Clean Sciences | C19: 1535 | D19: 45 | E19: =D19*C19 -> 69075 | F19: CHEMICAL | G19: ='1_TOTAL'!$E19*100/'1_TOTAL'!$E$82 -> 2.3712289 | I19: PACKAGING | J19: =SUM(G66:G67) -> 2.7849659 | K19: =SUM(E66:E67) -> 81127.35
A20: 6 | B20: Galaxy Surfants | C20: 2793 | D20: 9 | E20: =D20*C20 -> 25137 | F20: CHEMICAL | G20: ='1_TOTAL'!$E20*100/'1_TOTAL'!$E$82 -> 0.86291106 | I20: PHARMA | J20: =SUM(G68:G69) -> 1.8005892 | K20: =SUM(E68:E69) -> 52452
A21: 20 | B21: Tatva Chintan Pharma | C21: 1525 | D21: 50 | E21: =D21*C21 -> 76250 | F21: CHEMICAL | G21: ='1_TOTAL'!$E21*100/'1_TOTAL'!$E$82 -> 2.6175346 | I21: PRINTING | J21: =G70 -> 0.88646029 | K21: =E70 -> 25823
A22: 60 | B22: AMIORG | C22: 1126 | D22: 6 | E22: ='1_TOTAL'!$C22*'1_TOTAL'!$D22 -> 6756 | F22: CHEMICAL | G22: ='1_TOTAL'!$E22*100/'1_TOTAL'!$E$82 -> 0.23192215 | I22: RENEWABLES | J22: =G71 -> 0.4462682 | K22: =E71 -> 13000
A23: 61 | B23: BALAJI AMINES | C23: 2220 | D23: 4 | E23: ='1_TOTAL'!$C23*'1_TOTAL'!$D23 -> 8880 | F23: CHEMICAL | G23: ='1_TOTAL'!$E23*100/'1_TOTAL'!$E$82 -> 0.30483551 | I23: RETAILS | J23: =SUM(G72:G81) -> 12.10646 | K23: =SUM(E72:E81) -> 352666.8
A24: 36 | B24: PRAJ | C24: 544 | D24: 30 | E24: ='1_TOTAL'!$C24*'1_TOTAL'!$D24 -> 16320 | F24: CLEAN ENERGY | G24: ='1_TOTAL'!$E24*100/'1_TOTAL'!$E$82 -> 0.56023823
A25: 27 | B25: KNR Construction | C25: 338.9 | D25: 30 | E25: ='1_TOTAL'!$C25*'1_TOTAL'!$D25 -> 10167 | F25: CONSTRUCTION | G25: ='1_TOTAL'!$E25*100/'1_TOTAL'!$E$82 -> 0.34901606
A26: 50 | B26: AHULIA CONST | C26: 1316.22 | D26: 20 | E26: ='1_TOTAL'!$C26*'1_TOTAL'!$D26 -> 26324.4 | F26: CONSTRUCTION | G26: ='1_TOTAL'!$E26*100/'1_TOTAL'!$E$82 -> 0.90367251 | I26: TOTAL | J26: =SUM(J2:J23) -> 100 | K26: =SUM(K2:K23) -> 2913046.5
A27: 73 | B27: L&T | C27: 3627 | D27: 15 | E27: ='1_TOTAL'!$C27*'1_TOTAL'!$D27 -> 54405 | F27: CONSTRUCTION | G27: ='1_TOTAL'!$E27*100/'1_TOTAL'!$E$82 -> 1.8676324
A28: 43 | B28: MTAR TECH | C28: 1734 | D28: 20 | E28: ='1_TOTAL'!$C28*'1_TOTAL'!$D28 -> 34680 | F28: DEFENCE | G28: ='1_TOTAL'!$E28*100/'1_TOTAL'!$E$82 -> 1.1905062
A29: 40 | B29: CROMPTON | C29: 80 | D29: 281 | E29: ='1_TOTAL'!$C29*'1_TOTAL'!$D29 -> 22480 | F29: ELECTRONICS | G29: ='1_TOTAL'!$E29*100/'1_TOTAL'!$E$82 -> 0.7717007
A30: 54 | B30: IKIO LIGHT | C30: 283 | D30: 70 | E30: ='1_TOTAL'!$C30*'1_TOTAL'!$D30 -> 19810 | F30: ELECTRONICS | G30: ='1_TOTAL'!$E30*100/'1_TOTAL'!$E$82 -> 0.68004408
A31: 58 | B31: IDEA FORGE | C31: 704 | D31: 22 | E31: ='1_TOTAL'!$C31*'1_TOTAL'!$D31 -> 15488 | F31: ELECTRONICS | G31: ='1_TOTAL'!$E31*100/'1_TOTAL'!$E$82 -> 0.53167707
A32: 59 | B32: PDSL | C32: 438 | D32: 52 | E32: ='1_TOTAL'!$C32*'1_TOTAL'!$D32 -> 22776 | F32: FASHION | G32: ='1_TOTAL'!$E32*100/'1_TOTAL'!$E$82 -> 0.78186189
A33: 14 | B33: JIO Finance | C33: 240.33 | D33: 225 | E33: =D33*C33 -> 54074.25 | F33: FINANCE | G33: ='1_TOTAL'!$E33*100/'1_TOTAL'!$E$82 -> 1.8562783
A34: 19 | B34: SBI Cards | C34: 728 | D34: 91 | E34: =D34*C34 -> 66248 | F34: FINANCE | G34: ='1_TOTAL'!$E34*100/'1_TOTAL'!$E$82 -> 2.2741827
A35: 25 | B35: UJJIVAN | C35: 41.82 | D35: 250 | E35: ='1_TOTAL'!$C35*'1_TOTAL'!$D35 -> 10455 | F35: FINANCE | G35: ='1_TOTAL'!$E35*100/'1_TOTAL'!$E$82 -> 0.35890262
A36: 26 | B36: JM Financils | C36: 93.48 | D36: 164 | E36: ='1_TOTAL'!$C36*'1_TOTAL'!$D36 -> 15330.72 | F36: FINANCE | G36: ='1_TOTAL'!$E36*100/'1_TOTAL'!$E$82 -> 0.52627791
A37: 30 | B37: MASFIN | C37: 278.93 | D37: 40 | E37: ='1_TOTAL'!$C37*'1_TOTAL'!$D37 -> 11157.2 | F37: FINANCE | G37: ='1_TOTAL'!$E37*100/'1_TOTAL'!$E$82 -> 0.38300797
A38: 35 | B38: AVAS | C38: 1543 | D38: 20 | E38: ='1_TOTAL'!$C38*'1_TOTAL'!$D38 -> 30860 | F38: FINANCE | G38: ='1_TOTAL'!$E38*100/'1_TOTAL'!$E$82 -> 1.059372
A39: 37 | B39: EQUITAS | C39: 206 | D39: 86.29 | E39: ='1_TOTAL'!$C39*'1_TOTAL'!$D39 -> 17775.74 | F39: FINANCE | G39: ='1_TOTAL'!$E39*100/'1_TOTAL'!$E$82 -> 0.61021135
A40: 57 | B40: CREDIT ACCESS | C40: 1233 | D40: 15 | E40: ='1_TOTAL'!$C40*'1_TOTAL'!$D40 -> 18495 | F40: FINANCE | G40: ='1_TOTAL'!$E40*100/'1_TOTAL'!$E$82 -> 0.63490234
A41: 72 | B41: BAJAJ FINANCE | C41: 6766 | D41: 7 | E41: ='1_TOTAL'!$C41*'1_TOTAL'!$D41 -> 47362 | F41: FINANCE | G41: ='1_TOTAL'!$E41*100/'1_TOTAL'!$E$82 -> 1.625858
A42: 10 | B42: HUL | C42: 2412 | D42: 40 | E42: =D42*C42 -> 96480 | F42: FMCG | G42: ='1_TOTAL'!$E42*100/'1_TOTAL'!$E$82 -> 3.3119966
A43: 13 | B43: ITC | C43: 434.5 | D43: 345 | E43: ='1_TOTAL'!$C43*'1_TOTAL'!$D43 -> 149902.5 | F43: FMCG | G43: ='1_TOTAL'!$E43*100/'1_TOTAL'!$E$82 -> 5.1459014
A44: 39 | B44: FINEORG | C44: 4614 | D44: 10 | E44: ='1_TOTAL'!$C44*'1_TOTAL'!$D44 -> 46140 | F44: FMCG | G44: ='1_TOTAL'!$E44*100/'1_TOTAL'!$E$82 -> 1.5839088
A45: 9 | B45: HDFC Life | C45: 596 | D45: 100 | E45: =D45*C45 -> 59600 | F45: INSURANCE | G45: ='1_TOTAL'!$E45*100/'1_TOTAL'!$E$82 -> 2.0459681
A46: 76 | B46: BAJAJ FINSERV | C46: 1589 | D46: 19 | E46: ='1_TOTAL'!$C46*'1_TOTAL'!$D46 -> 30191 | F46: INSURANCE | G46: ='1_TOTAL'!$E46*100/'1_TOTAL'!$E$82 -> 1.0364064
A47: 12 | B47: Infy | C47: 1462 | D47: 40 | E47: =D47*C47 -> 58480 | F47: IT | G47: ='1_TOTAL'!$E47*100/'1_TOTAL'!$E$82 -> 2.0075203
A48: 21 | B48: TCS | C48: 3857 | D48: 13 | E48: =D48*C48 -> 50141 | F48: IT | G48: ='1_TOTAL'!$E48*100/'1_TOTAL'!$E$82 -> 1.7212564
A49: 24 | B49: Traxcn | C49: 100.45 | D49: 100 | E49: ='1_TOTAL'!$C49*'1_TOTAL'!$D49 -> 10045 | F49: IT | G49: ='1_TOTAL'!$E49*100/'1_TOTAL'!$E$82 -> 0.34482801
A50: 28 | B50: TATA Tech | C50: 1040 | D50: 25 | E50: ='1_TOTAL'!$C50*'1_TOTAL'!$D50 -> 26000 | F50: IT | G50: ='1_TOTAL'!$E50*100/'1_TOTAL'!$E$82 -> 0.8925364
A51: 31 | B51: BLSE | C51: 237.37 | D51: 50 | E51: ='1_TOTAL'!$C51*'1_TOTAL'!$D51 -> 11868.5 | F51: IT | G51: ='1_TOTAL'!$E51*100/'1_TOTAL'!$E$82 -> 0.4074257
A52: 34 | B52: AVALON | C52: 484 | D52: 30 | E52: ='1_TOTAL'!$C52*'1_TOTAL'!$D52 -> 14520 | F52: IT | G52: ='1_TOTAL'!$E52*100/'1_TOTAL'!$E$82 -> 0.49844725
A53: 41 | B53: TANLA | C53: 861 | D53: 57 | E53: ='1_TOTAL'!$C53*'1_TOTAL'!$D53 -> 49077 | F53: IT | G53: ='1_TOTAL'!$E53*100/'1_TOTAL'!$E$82 -> 1.6847311
A54: 42 | B54: AFFLE | C54: 1074 | D54: 30 | E54: ='1_TOTAL'!$C54*'1_TOTAL'!$D54 -> 32220 | F54: IT | G54: ='1_TOTAL'!$E54*100/'1_TOTAL'!$E$82 -> 1.1060586
A55: 47 | B55: HCLTECH | C55: 1385 | D55: 63 | E55: ='1_TOTAL'!$C55*'1_TOTAL'!$D55 -> 87255 | F55: IT | G55: ='1_TOTAL'!$E55*100/'1_TOTAL'!$E$82 -> 2.9953178
A56: 48 | B56: HAPPIEST MINDS | C56: 774 | D56: 100 | E56: ='1_TOTAL'!$C56*'1_TOTAL'!$D56 -> 77400 | F56: IT | G56: ='1_TOTAL'!$E56*100/'1_TOTAL'!$E$82 -> 2.6570122
A57: 49 | B57: BIRLASOFT | C57: 605 | D57: 40 | E57: ='1_TOTAL'!$C57*'1_TOTAL'!$D57 -> 24200 | F57: IT | G57: ='1_TOTAL'!$E57*100/'1_TOTAL'!$E$82 -> 0.83074542
A58: 56 | B58: LATENTVIEW | C58: 524 | D58: 33 | E58: ='1_TOTAL'!$C58*'1_TOTAL'!$D58 -> 17292 | F58: IT | G58: ='1_TOTAL'!$E58*100/'1_TOTAL'!$E$82 -> 0.59360536
A59: 70 | B59: TATA ELEXI | C59: 6958 | D59: 2 | E59: ='1_TOTAL'!$C59*'1_TOTAL'!$D59 -> 13916 | F59: IT | G59: ='1_TOTAL'!$E59*100/'1_TOTAL'!$E$82 -> 0.47771294
A60: 71 | B60: LTTS | C60: 4508 | D60: 11 | E60: ='1_TOTAL'!$C60*'1_TOTAL'!$D60 -> 49588 | F60: IT | G60: ='1_TOTAL'!$E60*100/'1_TOTAL'!$E$82 -> 1.7022729
... A62: 80 | B62: TVS SUPPLY | C62: 170.5 | D62: 100 | E62: ='1_TOTAL'!$C62*'1_TOTAL'!$D62 -> 17050 | F62: LOGISTICS | G62: ='1_TOTAL'!$E62*100/'1_TOTAL'!$E$82 -> 0.58529791
A63: 7 | B63: GMM PFaudler | C63: 1322 | D63: 40 | E63: =D63*C63 -> 52880 | F63: MACHINARIES | G63: ='1_TOTAL'!$E63*100/'1_TOTAL'!$E$82 -> 1.8152817
A64: 68 | B64: TEGA | C64: 1193 | D64: 2 | E64: ='1_TOTAL'!$C64*'1_TOTAL'!$D64 -> 2386 | F64: MACHINARIES | G64: ='1_TOTAL'!$E64*100/'1_TOTAL'!$E$82 -> 0.081907379
A65: 75 | B65: NIFTY BEES | C65: 271 | D65: 3 | E65: ='1_TOTAL'!$C65*'1_TOTAL'!$D65 -> 813 | F65: NIFTY | G65: ='1_TOTAL'!$E65*100/'1_TOTAL'!$E$82 -> 0.027908927
A66: 16 | B66: Modltek Packer | C66: 862.83 | D66: 45 | E66: =D66*C66 -> 38827.35 | F66: PACKAGING | G66: ='1_TOTAL'!$E66*100/'1_TOTAL'!$E$82 -> 1.3328778
A67: 46 | B67: TARSONS | C67: 423 | D67: 100 | E67: ='1_TOTAL'!$C67*'1_TOTAL'!$D67 -> 42300 | F67: PACKAGING | G67: ='1_TOTAL'!$E67*100/'1_TOTAL'!$E$82 -> 1.4520881
A68: 4 | B68: Biocon | C68: 272.52 | D68: 100 | E68: =D68*C68 -> 27252 | F68: PHARMA | G68: ='1_TOTAL'!$E68*100/'1_TOTAL'!$E$82 -> 0.93551546
A69: 79 | B69: CIPLA | C69: 1575 | D69: 16 | E69: ='1_TOTAL'!$C69*'1_TOTAL'!$D69 -> 25200 | F69: PHARMA | G69: ='1_TOTAL'!$E69*100/'1_TOTAL'!$E$82 -> 0.86507374
A70: 63 | B70: CONTROL PRINT | C70: 833 | D70: 31 | E70: ='1_TOTAL'!$C70*'1_TOTAL'!$D70 -> 25823 | F70: PRINTING | G70: ='1_TOTAL'!$E70*100/'1_TOTAL'!$E$82 -> 0.88646029
A71: 69 | B71: SWSOLAR | C71: 650 | D71: 20 | E71: ='1_TOTAL'!$C71*'1_TOTAL'!$D71 -> 13000 | F71: RENEWABLE | G71: ='1_TOTAL'!$E71*100/'1_TOTAL'!$E$82 -> 0.4462682
A72: 2 | B72: Asian Paints | C72: 2980 | D72: 30 | E72: =D72*C72 -> 89400 | F72: RETAIL | G72: ='1_TOTAL'!$E72*100/'1_TOTAL'!$E$82 -> 3.0689521
A73: 3 | B73: Astral | C73: 1916 | D73: 20 | E73: =D73*C73 -> 38320 | F73: RETAIL | G73: ='1_TOTAL'!$E73*100/'1_TOTAL'!$E$82 -> 1.3154613
A74: 17 | B74: Pidilite | C74: 2620 | D74: 30 | E74: =D74*C74 -> 78600 | F74: RETAIL | G74: ='1_TOTAL'!$E74*100/'1_TOTAL'!$E$82 -> 2.6982062
A75: 18 | B75: Reliance | C75: 2813 | D75: 20 | E75: =D75*C75 -> 56260 | F75: RETAIL | G75: ='1_TOTAL'!$E75*100/'1_TOTAL'!$E$82 -> 1.9313115
A76: 22 | B76: Ultramar | C76: 417 | D76: 60 | E76: =D76*C76 -> 25020 | F76: RETAIL | G76: ='1_TOTAL'!$E76*100/'1_TOTAL'!$E$82 -> 0.85889464
A77: 32 | B77: CARYSIL | C77: 842.32 | D77: 15 | E77: ='1_TOTAL'!$C77*'1_TOTAL'!$D77 -> 12634.8 | F77: RETAIL | G77: ='1_TOTAL'!$E77*100/'1_TOTAL'!$E$82 -> 0.4337315
A78: 33 | B78: RHIM | C78: 620 | D78: 40 | E78: ='1_TOTAL'!$C78*'1_TOTAL'!$D78 -> 24800 | F78: RETAIL | G78: ='1_TOTAL'!$E78*100/'1_TOTAL'!$E$82 -> 0.85134241
A79: 62 | B79: BERGER PAINTS | C79: 489 | D79: 40 | E79: ='1_TOTAL'!$C79*'1_TOTAL'!$D79 -> 19560 | F79: RETAIL | G79: ='1_TOTAL'!$E79*100/'1_TOTAL'!$E$82 -> 0.671462
A80: 65 | B80: DEVYANI INT | C80: 186 | D80: 32 | E80: ='1_TOTAL'!$C80*'1_TOTAL'!$D80 -> 5952 | F80: RETAIL | G80: ='1_TOTAL'!$E80*100/'1_TOTAL'!$E$82 -> 0.20432218
A81: 74 | B81: VIP | C81: 530 | D81: 4 | E81: ='1_TOTAL'!$C81*'1_TOTAL'!$D81 -> 2120 | F81: RETAIL | G81: ='1_TOTAL'!$E81*100/'1_TOTAL'!$E$82 -> 0.072776045
E82: =SUM('1_TOTAL'!$E$2:$E$81) -> 2913046.5

Sheet 2_SECTOR WISE
A1: Sr.No | B1: Name of Script | C1: Stock Price | D1: Quantity | E1: Total | F1: SECTOR | G1: Total % | I1: Sector | J1: Sector % | K1: Total
A2: 23 | B2: UPL | C2: 505 | D2: 70 | E2: =D2*C2 -> 35350 | F2: AGRI | G2: ='2_SECTOR WISE'!$E2*100/'2_SECTOR WISE'!$E$82 -> 1.2135062 | I2: AGRI | J2: =SUM(G2:G3) -> 1.7689385 | K2: =SUM(E2:E3) -> 51530
A3: 52 | B3: GODJREJ AGROVET | C3: 809 | D3: 20 | E3: ='2_SECTOR WISE'!$C3*'2_SECTOR WISE'!$D3 -> 16180 | F3: AGRI | G3: ='2_SECTOR WISE'!$E3*100/'2_SECTOR WISE'!$E$82 -> 0.55543227 | I3: Auto Ancillaries | J3: =SUM(G4:G9) -> 4.7355922 | K3: =SUM(E4:E9) -> 137950
A4: 51 | B4: PCBL | C4: 748 | D4: 55 | E4: ='2_SECTOR WISE'!$C4*'2_SECTOR WISE'!$D4 -> 41140 | F4: AUTO ANCILLLARY | G4: ='2_SECTOR WISE'!$E4*100/'2_SECTOR WISE'!$E$82 -> 1.4122672 | I4: Aviation | J4: =G10 -> 0.78302905 | K4: =E10 -> 22810
A5: 44 | B5: SUPRAJIT | C5: 400 | D5: 100 | E5: ='2_SECTOR WISE'!$C5*'2_SECTOR WISE'!$D5 -> 40000 | F5: AUTO ANCILLLARY | G5: ='2_SECTOR WISE'!$E5*100/'2_SECTOR WISE'!$E$82 -> 1.3731329 | I5: Banking | J5: =SUM(G11:G17) -> 14.920188 | K5: =SUM(E11:E17) -> 434632
A6: 38 | B6: SANSERA | C6: 1033 | D6: 20 | E6: ='2_SECTOR WISE'!$C6*'2_SECTOR WISE'!$D6 -> 20660 | F6: AUTO ANCILLLARY | G6: ='2_SECTOR WISE'!$E6*100/'2_SECTOR WISE'!$E$82 -> 0.70922315 | I6: Chemical | J6: =SUM(G18:G23) -> 7.8578218 | K6: =SUM(E18:E23) -> 228902
A7: 53 | B7: VARROC | C7: 25 | D7: 548 | E7: ='2_SECTOR WISE'!$C7*'2_SECTOR WISE'!$D7 -> 13700 | F7: AUTO ANCILLLARY | G7: ='2_SECTOR WISE'!$E7*100/'2_SECTOR WISE'!$E$82 -> 0.47029803 | I7: CLEAN ENERGY | J7: =G24 -> 0.56023823 | K7: =E24 -> 16320
A8: 77 | B8: SHANTI GEARS | C8: 570 | D8: 21 | E8: ='2_SECTOR WISE'!$C8*'2_SECTOR WISE'!$D8 -> 11970 | F8: AUTO ANCILLLARY | G8: ='2_SECTOR WISE'!$E8*100/'2_SECTOR WISE'!$E$82 -> 0.41091003 | I8: CONSTRUCTION | J8: =SUM(G25:G27) -> 3.120321 | K8: =SUM(E25:E27) -> 90896.4
A9: 29 | B9: Pricol | C9: 524 | D9: 20 | E9: ='2_SECTOR WISE'!$C9*'2_SECTOR WISE'!$D9 -> 10480 | F9: AUTO ANCILLLARY | G9: ='2_SECTOR WISE'!$E9*100/'2_SECTOR WISE'!$E$82 -> 0.35976083 | I9: DEFENCE | J9: =G28 -> 1.1905062 | K9: =E28 -> 34680
A10: 78 | B10: INDIGO | C10: 4562 | D10: 5 | E10: ='2_SECTOR WISE'!$C10*'2_SECTOR WISE'!$D10 -> 22810 | F10: AVIATION | G10: ='2_SECTOR WISE'!$E10*100/'2_SECTOR WISE'!$E$82 -> 0.78302905 | I10: ELECTRONICS | J10: =SUM(G29:G31) -> 1.9834219 | K10: =SUM(E29:E31) -> 57778
A11: 8 | B11: HDFC Bank | C11: 1518.9 | D11: 100 | E11: =D11*C11 -> 151890 | F11: BANKING | G11: ='2_SECTOR WISE'!$E11*100/'2_SECTOR WISE'!$E$82 -> 5.214129 | I11: FASHION | J11: =G32 -> 0.78186189 | K11: =E32 -> 22776
A12: 15 | B12: Kotak Bank | C12: 1752 | D12: 71 | E12: =D12*C12 -> 124392 | F12: BANKING | G12: ='2_SECTOR WISE'!$E12*100/'2_SECTOR WISE'!$E$82 -> 4.2701688 | I12: FINANCE | J12: =SUM(G33:G41) -> 9.3289933 | K12: =SUM(E33:E41) -> 271757.91
A13: 11 | B13: IDFC First bank | C13: 81.17 | D13: 700 | E13: =D13*C13 -> 56819 | F13: BANKING | G13: ='2_SECTOR WISE'!$E13*100/'2_SECTOR WISE'!$E$82 -> 1.950501 | I13: FMCG | J13: =SUM(G42:G44) -> 10.041807 | K13: =SUM(E42:E44) -> 292522.5
A14: 67 | B14: ICICI BANK | C14: 1186 | D14: 36 | E14: ='2_SECTOR WISE'!$C14*'2_SECTOR WISE'!$D14 -> 42696 | F14: BANKING | G14: ='2_SECTOR WISE'!$E14*100/'2_SECTOR WISE'!$E$82 -> 1.4656821 | I14: INSURANCE | J14: =SUM(G45:G46) -> 3.0823745 | K14: =SUM(E45:E46) -> 89791
A15: 66 | B15: AXIS BANK | C15: 1175 | D15: 27 | E15: ='2_SECTOR WISE'!$C15*'2_SECTOR WISE'!$D15 -> 31725 | F15: BANKING | G15: ='2_SECTOR WISE'!$E15*100/'2_SECTOR WISE'!$E$82 -> 1.089066 | I15: IT | J15: =SUM(G47:G60) -> 17.91947 | K15: =SUM(E47:E60) -> 522002.5
A16: 55 | B16: RBL BANK | C16: 230 | D16: 100 | E16: ='2_SECTOR WISE'!$C16*'2_SECTOR WISE'!$D16 -> 23000 | F16: BANKING | G16: ='2_SECTOR WISE'!$E16*100/'2_SECTOR WISE'!$E$82 -> 0.78955143 | I16: LOGISTICS | J16: =SUM(G61:G62) -> 1.975595 | K16: =SUM(E61:E62) -> 57550
A17: 64 | B17: CITY BANK | C17: 137 | D17: 30 | E17: ='2_SECTOR WISE'!$C17*'2_SECTOR WISE'!$D17 -> 4110 | F17: BANKING | G17: ='2_SECTOR WISE'!$E17*100/'2_SECTOR WISE'!$E$82 -> 0.14108941 | I17: MACHINARIES | J17: =SUM(G63:G64) -> 1.8971891 | K17: =SUM(E63:E64) -> 55266
A18: 20 | B18: Tatva Chintan Pharma | C18: 1525 | D18: 50 | E18: =D18*C18 -> 76250 | F18: CHEMICAL | G18: ='2_SECTOR WISE'!$E18*100/'2_SECTOR WISE'!$E$82 -> 2.6175346 | I18: NIFTY | J18: =G65 -> 0.027908927 | K18: =E65 -> 813
A19: 5 | B19: Clean Sciences | C19: 1535 | D19: 45 | E19: =D19*C19 -> 69075 | F19: CHEMICAL | G19: ='2_SECTOR WISE'!$E19*100/'2_SECTOR WISE'!$E$82 -> 2.3712289 | I19: PACKAGING | J19: =SUM(G66:G67) -> 2.7849659 | K19: =SUM(E66:E67) -> 81127.35
A20: 1 | B20: Aklyl Amines | C20: 2378 | D20: 18 | E20: =D20*C20 -> 42804 | F20: CHEMICAL | G20: ='2_SECTOR WISE'!$E20*100/'2_SECTOR WISE'!$E$82 -> 1.4693895 | I20: PHARMA | J20: =SUM(G68:G69) -> 1.8005892 | K20: =SUM(E68:E69) -> 52452
A21: 6 | B21: Galaxy Surfants | C21: 2793 | D21: 9 | E21: =D21*C21 -> 25137 | F21: CHEMICAL | G21: ='2_SECTOR WISE'!$E21*100/'2_SECTOR WISE'!$E$82 -> 0.86291106 | I21: PRINTING | J21: =G70 -> 0.88646029 | K21: =E70 -> 25823
A22: 61 | B22: BALAJI AMINES | C22: 2220 | D22: 4 | E22: ='2_SECTOR WISE'!$C22*'2_SECTOR WISE'!$D22 -> 8880 | F22: CHEMICAL | G22: ='2_SECTOR WISE'!$E22*100/'2_SECTOR WISE'!$E$82 -> 0.30483551 | I22: RENEWABLES | J22: =G71 -> 0.4462682 | K22: =E71 -> 13000
A23: 60 | B23: AMIORG | C23: 1126 | D23: 6 | E23: ='2_SECTOR WISE'!$C23*'2_SECTOR WISE'!$D23 -> 6756 | F23: CHEMICAL | G23: ='2_SECTOR WISE'!$E23*100/'2_SECTOR WISE'!$E$82 -> 0.23192215 | I23: RETAILS | J23: =SUM(G72:G81) -> 12.10646 | K23: =SUM(E72:E81) -> 352666.8
A24: 36 | B24: PRAJ | C24: 544 | D24: 30 | E24: ='2_SECTOR WISE'!$C24*'2_SECTOR WISE'!$D24 -> 16320 | F24: CLEAN ENERGY | G24: ='2_SECTOR WISE'!$E24*100/'2_SECTOR WISE'!$E$82 -> 0.56023823
A25: 73 | B25: L&T | C25: 3627 | D25: 15 | E25: ='2_SECTOR WISE'!$C25*'2_SECTOR WISE'!$D25 -> 54405 | F25: CONSTRUCTION | G25: ='2_SECTOR WISE'!$E25*100/'2_SECTOR WISE'!$E$82 -> 1.8676324
A26: 50 | B26: AHULIA CONST | C26: 1316.22 | D26: 20 | E26: ='2_SECTOR WISE'!$C26*'2_SECTOR WISE'!$D26 -> 26324.4 | F26: CONSTRUCTION | G26: ='2_SECTOR WISE'!$E26*100/'2_SECTOR WISE'!$E$82 -> 0.90367251 | I26: TOTAL | J26: =SUM(J2:J23) -> 100 | K26: =SUM(K2:K23) -> 2913046.5
A27: 27 | B27: KNR Construction | C27: 338.9 | D27: 30 | E27: ='2_SECTOR WISE'!$C27*'2_SECTOR WISE'!$D27 -> 10167 | F27: CONSTRUCTION | G27: ='2_SECTOR WISE'!$E27*100/'2_SECTOR WISE'!$E$82 -> 0.34901606
A28: 43 | B28: MTAR TECH | C28: 1734 | D28: 20 | E28: ='2_SECTOR WISE'!$C28*'2_SECTOR WISE'!$D28 -> 34680 | F28: DEFENCE | G28: ='2_SECTOR WISE'!$E28*100/'2_SECTOR WISE'!$E$82 -> 1.1905062
A29: 40 | B29: CROMPTON | C29: 80 | D29: 281 | E29: ='2_SECTOR WISE'!$C29*'2_SECTOR WISE'!$D29 -> 22480 | F29: ELECTRONICS | G29: ='2_SECTOR WISE'!$E29*100/'2_SECTOR WISE'!$E$82 -> 0.7717007
A30: 54 | B30: IKIO LIGHT | C30: 283 | D30: 70 | E30: ='2_SECTOR WISE'!$C30*'2_SECTOR WISE'!$D30 -> 19810 | F30: ELECTRONICS | G30: ='2_SECTOR WISE'!$E30*100/'2_SECTOR WISE'!$E$82 -> 0.68004408
A31: 58 | B31: IDEA FORGE | C31: 704 | D31: 22 | E31: ='2_SECTOR WISE'!$C31*'2_SECTOR WISE'!$D31 -> 15488 | F31: ELECTRONICS | G31: ='2_SECTOR WISE'!$E31*100/'2_SECTOR WISE'!$E$82 -> 0.53167707
A32: 59 | B32: PDSL | C32: 438 | D32: 52 | E32: ='2_SECTOR WISE'!$C32*'2_SECTOR WISE'!$D32 -> 22776 | F32: FASHION | G32: ='2_SECTOR WISE'!$E32*100/'2_SECTOR WISE'!$E$82 -> 0.78186189
A33: 19 | B33: SBI Cards | C33: 728 | D33: 91 | E33: =D33*C33 -> 66248 | F33: FINANCE | G33: ='2_SECTOR WISE'!$E33*100/'2_SECTOR WISE'!$E$82 -> 2.2741827
A34: 14 | B34: JIO Finance | C34: 240.33 | D34: 225 | E34: =D34*C34 -> 54074.25 | F34: FINANCE | G34: ='2_SECTOR WISE'!$E34*100/'2_SECTOR WISE'!$E$82 -> 1.8562783
A35: 72 | B35: BAJAJ FINANCE | C35: 6766 | D35: 7 | E35: ='2_SECTOR WISE'!$C35*'2_SECTOR WISE'!$D35 -> 47362 | F35: FINANCE | G35: ='2_SECTOR WISE'!$E35*100/'2_SECTOR WISE'!$E$82 -> 1.625858
A36: 35 | B36: AVAS | C36: 1543 | D36: 20 | E36: ='2_SECTOR WISE'!$C36*'2_SECTOR WISE'!$D36 -> 30860 | F36: FINANCE | G36: ='2_SECTOR WISE'!$E36*100/'2_SECTOR WISE'!$E$82 -> 1.059372
A37: 57 | B37: CREDIT ACCESS | C37: 1233 | D37: 15 | E37: ='2_SECTOR WISE'!$C37*'2_SECTOR WISE'!$D37 -> 18495 | F37: FINANCE | G37: ='2_SECTOR WISE'!$E37*100/'2_SECTOR WISE'!$E$82 -> 0.63490234
A38: 37 | B38: EQUITAS | C38: 206 | D38: 86.29 | E38: ='2_SECTOR WISE'!$C38*'2_SECTOR WISE'!$D38 -> 17775.74 | F38: FINANCE | G38: ='2_SECTOR WISE'!$E38*100/'2_SECTOR WISE'!$E$82 -> 0.61021135
A39: 26 | B39: JM Financils | C39: 93.48 | D39: 164 | E39: ='2_SECTOR WISE'!$C39*'2_SECTOR WISE'!$D39 -> 15330.72 | F39: FINANCE | G39: ='2_SECTOR WISE'!$E39*100/'2_SECTOR WISE'!$E$82 -> 0.52627791
A40: 30 | B40: MASFIN | C40: 278.93 | D40: 40 | E40: ='2_SECTOR WISE'!$C40*'2_SECTOR WISE'!$D40 -> 11157.2 | F40: FINANCE | G40: ='2_SECTOR WISE'!$E40*100/'2_SECTOR WISE'!$E$82 -> 0.38300797
A41: 25 | B41: UJJIVAN | C41: 41.82 | D41: 250 | E41: ='2_SECTOR WISE'!$C41*'2_SECTOR WISE'!$D41 -> 10455 | F41: FINANCE | G41: ='2_SECTOR WISE'!$E41*100/'2_SECTOR WISE'!$E$82 -> 0.35890262
A42: 13 | B42: ITC | C42: 434.5 | D42: 345 | E42: ='2_SECTOR WISE'!$C42*'2_SECTOR WISE'!$D42 -> 149902.5 | F42: FMCG | G42: ='2_SECTOR WISE'!$E42*100/'2_SECTOR WISE'!$E$82 -> 5.1459014
A43: 10 | B43: HUL | C43: 2412 | D43: 40 | E43: =D43*C43 -> 96480 | F43: FMCG | G43: ='2_SECTOR WISE'!$E43*100/'2_SECTOR WISE'!$E$82 -> 3.3119966
A44: 39 | B44: FINEORG | C44: 4614 | D44: 10 | E44: ='2_SECTOR WISE'!$C44*'2_SECTOR WISE'!$D44 -> 46140 | F44: FMCG | G44: ='2_SECTOR WISE'!$E44*100/'2_SECTOR WISE'!$E$82 -> 1.5839088
A45: 9 | B45: HDFC Life | C45: 596 | D45: 100 | E45: =D45*C45 -> 59600 | F45: INSURANCE | G45: ='2_SECTOR WISE'!$E45*100/'2_SECTOR WISE'!$E$82 -> 2.0459681
A46: 76 | B46: BAJAJ FINSERV | C46: 1589 | D46: 19 | E46: ='2_SECTOR WISE'!$C46*'2_SECTOR WISE'!$D46 -> 30191 | F46: INSURANCE | G46: ='2_SECTOR WISE'!$E46*100/'2_SECTOR WISE'!$E$82 -> 1.0364064
A47: 47 | B47: HCLTECH | C47: 1385 | D47: 63 | E47: ='2_SECTOR WISE'!$C47*'2_SECTOR WISE'!$D47 -> 87255 | F47: IT | G47: ='2_SECTOR WISE'!$E47*100/'2_SECTOR WISE'!$E$82 -> 2.9953178
A48: 48 | B48: HAPPIEST MINDS | C48: 774 | D48: 100 | E48: ='2_SECTOR WISE'!$C48*'2_SECTOR WISE'!$D48 -> 77400 | F48: IT | G48: ='2_SECTOR WISE'!$E48*100/'2_SECTOR WISE'!$E$82 -> 2.6570122
A49: 12 | B49: Infy | C49: 1462 | D49: 40 | E49: =D49*C49 -> 58480 | F49: IT | G49: ='2_SECTOR WISE'!$E49*100/'2_SECTOR WISE'!$E$82 -> 2.0075203
A50: 21 | B50: TCS | C50: 3857 | D50: 13 | E50: =D50*C50 -> 50141 | F50: IT | G50: ='2_SECTOR WISE'!$E50*100/'2_SECTOR WISE'!$E$82 -> 1.7212564
A51: 71 | B51: LTTS | C51: 4508 | D51: 11 | E51: ='2_SECTOR WISE'!$C51*'2_SECTOR WISE'!$D51 -> 49588 | F51: IT | G51: ='2_SECTOR WISE'!$E51*100/'2_SECTOR WISE'!$E$82 -> 1.7022729
A52: 41 | B52: TANLA | C52: 861 | D52: 57 | E52: ='2_SECTOR WISE'!$C52*'2_SECTOR WISE'!$D52 -> 49077 | F52: IT | G52: ='2_SECTOR WISE'!$E52*100/'2_SECTOR WISE'!$E$82 -> 1.6847311
A53: 42 | B53: AFFLE | C53: 1074 | D53: 30 | E53: ='2_SECTOR WISE'!$C53*'2_SECTOR WISE'!$D53 -> 32220 | F53: IT | G53: ='2_SECTOR WISE'!$E53*100/'2_SECTOR WISE'!$E$82 -> 1.1060586
A54: 28 | B54: TATA Tech | C54: 1040 | D54: 25 | E54: ='2_SECTOR WISE'!$C54*'2_SECTOR WISE'!$D54 -> 26000 | F54: IT | G54: ='2_SECTOR WISE'!$E54*100/'2_SECTOR WISE'!$E$82 -> 0.8925364
A55: 49 | B55: BIRLASOFT | C55: 605 | D55: 40 | E55: ='2_SECTOR WISE'!$C55*'2_SECTOR WISE'!$D55 -> 24200 | F55: IT | G55: ='2_SECTOR WISE'!$E55*100/'2_SECTOR WISE'!$E$82 -> 0.83074542
A56: 56 | B56: LATENTVIEW | C56: 524 | D56: 33 | E56: ='2_SECTOR WISE'!$C56*'2_SECTOR WISE'!$D56 -> 17292 | F56: IT | G56: ='2_SECTOR WISE'!$E56*100/'2_SECTOR WISE'!$E$82 -> 0.59360536
A57: 34 | B57: AVALON | C57: 484 | D57: 30 | E57: ='2_SECTOR WISE'!$C57*'2_SECTOR WISE'!$D57 -> 14520 | F57: IT | G57: ='2_SECTOR WISE'!$E57*100/'2_SECTOR WISE'!$E$82 -> 0.49844725
A58: 70 | B58: TATA ELEXI | C58: 6958 | D58: 2 | E58: ='2_SECTOR WISE'!$C58*'2_SECTOR WISE'!$D58 -> 13916 | F58: IT | G58: ='2_SECTOR WISE'!$E58*100/'2_SECTOR WISE'!$E$82 -> 0.47771294
A59: 31 | B59: BLSE | C59: 237.37 | D59: 50 | E59: ='2_SECTOR WISE'!$C59*'2_SECTOR WISE'!$D59 -> 11868.5 | F59: IT | G59: ='2_SECTOR WISE'!$E59*100/'2_SECTOR WISE'!$E$82 -> 0.4074257
A60: 24 | B60: Traxcn | C60: 100.45 | D60: 100 | E60: ='2_SECTOR WISE'!$C60*'2_SECTOR WISE'!$D60 -> 10045 | F60: IT | G60: ='2_SECTOR WISE'!$E60*100/'2_SECTOR WISE'!$E$82 -> 0.34482801
A61: 45 | B61: ALLCARHO | C61: 81 | D61: 500 | E61: ='2_SECTOR WISE'!$C61*'2_SECTOR WISE'!$D61 -> 40500 | F61: LOGISTICS | G61: ='2_SECTOR WISE'!$E61*100/'2_SECTOR WISE'!$E$82 -> 1.3902971
A62: 80 | B62: TVS SUPPLY | C62: 170.5 | D62: 100 | E62: ='2_SECTOR WISE'!$C62*'2_SECTOR WISE'!$D62 -> 17050 | F62: LOGISTICS | G62: ='2_SECTOR WISE'!$E62*100/'2_SECTOR WISE'!$E$82 -> 0.58529791
A63: 7 | B63: GMM PFaudler | C63: 1322 | D63: 40 | E63: =D63*C63 -> 52880 | F63: MACHINARIES | G63: ='2_SECTOR WISE'!$E63*100/'2_SECTOR WISE'!$E$82 -> 1.8152817
A64: 68 | B64: TEGA | C64: 1193 | D64: 2 | E64: ='2_SECTOR WISE'!$C64*'2_SECTOR WISE'!$D64 -> 2386 | F64: MACHINARIES | G64: ='2_SECTOR WISE'!$E64*100/'2_SECTOR WISE'!$E$82 -> 0.081907379
A65: 75 | B65: NIFTY BEES | C65: 271 | D65: 3 | E65: ='2_SECTOR WISE'!$C65*'2_SECTOR WISE'!$D65 -> 813 | F65: NIFTY | G65: ='2_SECTOR WISE'!$E65*100/'2_SECTOR WISE'!$E$82 -> 0.027908927
A66: 46 | B66: TARSONS | C66: 423 | D66: 100 | E66: ='2_SECTOR WISE'!$C66*'2_SECTOR WISE'!$D66 -> 42300 | F66: PACKAGING | G66: ='2_SECTOR WISE'!$E66*100/'2_SECTOR WISE'!$E$82 -> 1.4520881
A67: 16 | B67: Modltek Packer | C67: 862.83 | D67: 45 | E67: =D67*C67 -> 38827.35 | F67: PACKAGING | G67: ='2_SECTOR WISE'!$E67*100/'2_SECTOR WISE'!$E$82 -> 1.3328778
A68: 4 | B68: Biocon | C68: 272.52 | D68: 100 | E68: =D68*C68 -> 27252 | F68: PHARMA | G68: ='2_SECTOR WISE'!$E68*100/'2_SECTOR WISE'!$E$82 -> 0.93551546
A69: 79 | B69: CIPLA | C69: 1575 | D69: 16 | E69: ='2_SECTOR WISE'!$C69*'2_SECTOR WISE'!$D69 -> 25200 | F69: PHARMA | G69: ='2_SECTOR WISE'!$E69*100/'2_SECTOR WISE'!$E$82 -> 0.86507374
A70: 63 | B70: CONTROL PRINT | C70: 833 | D70: 31 | E70: ='2_SECTOR WISE'!$C70*'2_SECTOR WISE'!$D70 -> 25823 | F70: PRINTING | G70: ='2_SECTOR WISE'!$E70*100/'2_SECTOR WISE'!$E$82 -> 0.88646029
A71: 69 | B71: SWSOLAR | C71: 650 | D71: 20 | E71: ='2_SECTOR WISE'!$C71*'2_SECTOR WISE'!$D71 -> 13000 | F71: RENEWABLE | G71: ='2_SECTOR WISE'!$E71*100/'2_SECTOR WISE'!$E$82 -> 0.4462682
A72: 2 | B72: Asian Paints | C72: 2980 | D72: 30 | E72: =D72*C72 -> 89400 | F72: RETAIL | G72: ='2_SECTOR WISE'!$E72*100/'2_SECTOR WISE'!$E$82 -> 3.0689521
A73: 17 | B73: Pidilite | C73: 2620 | D73: 30 | E73: =D73*C73 -> 78600 | F73: RETAIL | G73: ='2_SECTOR WISE'!$E73*100/'2_SECTOR WISE'!$E$82 -> 2.6982062
A74: 18 | B74: Reliance | C74: 2813 | D74: 20 | E74: =D74*C74 -> 56260 | F74: RETAIL | G74: ='2_SECTOR WISE'!$E74*100/'2_SECTOR WISE'!$E$82 -> 1.9313115
A75: 3 | B75: Astral | C75: 1916 | D75: 20 | E75: =D75*C75 -> 38320 | F75: RETAIL | G75: ='2_SECTOR WISE'!$E75*100/'2_SECTOR WISE'!$E$82 -> 1.3154613
A76: 22 | B76: Ultramar | C76: 417 | D76: 60 | E76: =D76*C76 -> 25020 | F76: RETAIL | G76: ='2_SECTOR WISE'!$E76*100/'2_SECTOR WISE'!$E$82 -> 0.85889464
A77: 33 | B77: RHIM | C77: 620 | D77: 40 | E77: ='2_SECTOR WISE'!$C77*'2_SECTOR WISE'!$D77 -> 24800 | F77: RETAIL | G77: ='2_SECTOR WISE'!$E77*100/'2_SECTOR WISE'!$E$82 -> 0.85134241
A78: 62 | B78: BERGER PAINTS | C78: 489 | D78: 40 | E78: ='2_SECTOR WISE'!$C78*'2_SECTOR WISE'!$D78 -> 19560 | F78: RETAIL | G78: ='2_SECTOR WISE'!$E78*100/'2_SECTOR WISE'!$E$82 -> 0.671462
A79: 32 | B79: CARYSIL | C79: 842.32 | D79: 15 | E79: ='2_SECTOR WISE'!$C79*'2_SECTOR WISE'!$D79 -> 12634.8 | F79: RETAIL | G79: ='2_SECTOR WISE'!$E79*100/'2_SECTOR WISE'!$E$82 -> 0.4337315
A80: 65 | B80: DEVYANI INT | C80: 186 | D80: 32 | E80: ='2_SECTOR WISE'!$C80*'2_SECTOR WISE'!$D80 -> 5952 | F80: RETAIL | G80: ='2_SECTOR WISE'!$E80*100/'2_SECTOR WISE'!$E$82 -> 0.20432218
A81: 74 | B81: VIP | C81: 530 | D81: 4 | E81: ='2_SECTOR WISE'!$C81*'2_SECTOR WISE'!$D81 -> 2120 | F81: RETAIL | G81: ='2_SECTOR WISE'!$E81*100/'2_SECTOR WISE'!$E$82 -> 0.072776045
E82: =SUM('2_SECTOR WISE'!$E$2:$E$81) -> 2913046.5
